id,res,pHcol,logD_M1,sf,sasresi,f,sfsc,sassc,fsc,hbbb,hbsc,hpeDB,sb,logD_M2,logD_M3,logD_M4,logD_M5
1,ALA,7.4,-1.52,176.731106,112.4,0.64,69.08,48.7,0.7,0,0,1,0,-0.97,-0.97,-0.61,-0.61
2,THR,7.4,-1.66,159.43,80.9,0.51,114.36,77.6,0.68,1,0,0,0,-0.85,-0.12,-0.12,-0.12
3,CYS,7.4,0.02,154.78,76,0.49,106.71,69.9,0.66,0,0,1,0,0.01,0.01,0.62,0.62
4,TYR,7.4,0.31,243.28,65.5,0.27,200.6,59,0.29,1,0,1,0,0.08,0.81,3.22,3.22
5,CYS,7.4,0.02,154.78,49.9,0.32,106.71,44.5,0.42,0,0,1,0,0.01,0.01,1.05,1.05
6,ARG,7.4,-7.14,264.55,89.1,0.34,215.62,61.9,0.29,1,0,0,0,-2.43,-1.7,-1.7,-1.7
7,THR,7.4,-1.66,159.43,78.2,0.49,114.36,77.3,0.68,0,1,1,0,-0.81,-0.81,-0.81,-0.08
8,GLY,7.4,-1.68,96.1,17.9,0.19,14.92,2.6,0.17,1,0,0,0,-0.32,0.41,0.41,0.41
9,ARG,7.4,-7.14,264.55,181.5,0.69,215.62,140.4,0.65,0,0,0,0,-4.93,-4.93,-4.93,-4.93
10,CYS,7.4,0.02,154.78,29.3,0.19,106.71,21.7,0.2,0,0,1,0,0,0,1.44,1.44
11,ALA,7.4,-1.26,126.18,49.1,0.39,69.08,36.9,0.53,0,0,1,0,-0.49,-0.49,0.07,0.07
12,THR,7.4,-1.66,159.43,132.1,0.83,114.36,114.3,1,0,0,0,0,-1.38,-1.38,-1.38,-1.38
13,ARG,7.4,-7.14,264.55,212.5,0.8,215.62,173.5,0.8,0,0,0,0,-5.71,-5.71,-5.71,-5.71
14,GLU,7.4,-4.19,167.02,15.2,0.09,121.08,14.3,0.12,0,0,0,1,-0.38,-0.38,-0.38,4.62
15,SER,7.4,-2.9,135.3,59.4,0.44,84.47,54.5,0.65,1,0,0,0,-1.28,-0.55,-0.55,-0.55
16,LEU,7.4,-0.01,199.92,97.7,0.49,158.27,88.1,0.56,0,0,1,0,0,0,1.19,1.19
17,SER,7.4,-2.9,135.3,70.1,0.52,84.47,56.9,0.67,1,0,0,0,-1.51,-0.78,-0.78,-0.78
18,GLY,7.4,-1.68,96.1,31.8,0.33,14.92,8.3,0.56,1,0,0,0,-0.55,0.18,0.18,0.18
19,VAL,7.4,-0.33,170.11,109.9,0.65,129.92,103.8,0.8,0,0,0,0,-0.21,-0.21,-0.21,-0.21
20,CYS,7.4,0.02,154.78,17.7,0.11,106.71,10.8,0.1,1,0,1,0,0,0.73,2.35,2.35
21,GLU,7.4,-4.19,167.02,134.3,0.8,121.08,128.5,1.06,0,0,0,0,-3.35,-3.35,-3.35,-3.35
22,ILE,7.4,1.01,196.28,69.5,0.35,156.91,66.1,0.42,1,0,1,0,0.35,1.08,2.59,2.59
23,SER,7.4,-2.9,135.3,106.2,0.78,84.47,70.8,0.84,0,0,0,0,-2.26,-2.26,-2.26,-2.26
24,GLY,7.4,-1.68,96.1,71.8,0.75,14.92,37.4,2.51,0,0,0,0,-1.26,-1.26,-1.26,-1.26
25,ARG,7.4,-7.14,264.55,136.1,0.51,215.62,104.5,0.48,1,1,1,0,-3.64,-2.91,-2.91,-2.18
26,LEU,7.4,-0.01,199.92,115.6,0.58,158.27,110.5,0.7,0,0,1,0,-0.01,-0.01,0.8,0.8
27,TYR,7.4,0.31,243.28,31.3,0.13,200.6,30.5,0.15,1,0,1,0,0.04,0.77,3.66,3.66
28,ARG,7.4,-7.14,264.55,88.2,0.33,215.62,63.8,0.3,1,0,0,0,-2.36,-1.63,-1.63,-1.63
29,LEU,7.4,-0.01,199.92,37.9,0.19,158.27,37.9,0.24,1,0,1,0,0,0.73,2.78,2.78
30,CYS,7.4,0.02,154.78,0,0,106.71,0,0,1,0,1,0,0,0.73,2.53,2.53
31,CYS,7.4,0.02,154.78,12.5,0.08,106.71,12.5,0.12,1,0,1,0,0,0.73,2.31,2.31
32,ARG,7.4,-9.88,319.7713794,148.2,0.46,215.62,93.9,0.44,1,0,0,1,-4.54,-3.81,-3.81,1.19
,,,,,,,,,,,,,,,,,
,,,,,,,,,,,,,,,,,
,,,,,,,,,,,,,,,,,
,,,,,,,,,,,,,,,,,
,,,,,,,,,,,,,,,,,
,,,,,,,,,,,,,,,,,
,,,,,,,,,,,,,,,,,
,,,,,,,,,,,,,,,,,
,,,,,VAL,,,,,,,,,,,,
,,,,,ARG,,,,,,,,,,,,
,,,,,ASN,,,,,,,,,,,,
,,,,,SER,,,,,,,,,,,,
,,,,,GLN,,,,,,,,,,,,
,,,,,SER,,,,,,,,,,,,
,,,,,CYS,,,,,,,,,,,,
,,,,,ARG,,,,,,,,,,,,
,,,,,ARG,,,,,,,,,,,,
,,,,,ASN,,,,,,,,,,,,
,,,,,LYS,,,,,,,,,,,,
,,,,,GLY,,,,,,,,,,,,
,,,,,ILE,,,,,,,,,,,,
,,,,,CYS,,,,,,,,,,,,
,,,,,VAL,,,,,,,,,,,,
,,,,,PRO,,,,,,,,,,,,
,,,,,ILE,,,,,,,,,,,,
,,,,,ARG,,,,,,,,,,,,
,,,,,CYS,,,,,,,,,,,,
,,,,,PRO,,,,,,,,,,,,
,,,,,GLY,,,,,,,,,,,,
,,,,,SER,,,,,,,,,,,,
,,,,,MET,,,,,,,,,,,,
,,,,,ARG,,,,,,,,,,,,
,,,,,GLN,,,,,,,,,,,,
,,,,,ILE,,,,,,,,,,,,
,,,,,GLY,,,,,,,,,,,,
,,,,,THR,,,,,,,,,,,,
,,,,,CYS,,,,,,,,,,,,
,,,,,LEU,,,,,,,,,,,,
,,,,,GLY,,,,,,,,,,,,
,,,,,ALA,,,,,,,,,,,,
,,,,,GLN,,,,,,,,,,,,
,,,,,VAL,,,,,,,,,,,,
,,,,,LYS,,,,,,,,,,,,
,,,,,CYS,,,,,,,,,,,,
,,,,,CYS,,,,,,,,,,,,
,,,,,ARG,,,,,,,,,,,,
,,,,,ARG,,,,,,,,,,,,
,,,,,LYS,,,,,,,,,,,,